condition,genes,num_per_grid
9m_AD_R1,2010300C02Rik,70.54688048694838
9m_AD_R1,Abca7,4.586093878028795
9m_AD_R1,Acsbg1,29.48893831206836
9m_AD_R1,Adamtsl1,11.498068594170666
9m_AD_R1,Adcy1,85.17289008545008
9m_AD_R1,Adcy5,35.793749268406884
9m_AD_R1,Adgrl4,2.771860002341098
9m_AD_R1,Adora1,23.12993093760974
9m_AD_R1,Aif1,1.4698583635725155
9m_AD_R1,Aldh1a2,1.7018611728900854
9m_AD_R1,Aldh1l1,16.532833899098677
9m_AD_R1,Ank3,30.409458035818798
9m_AD_R1,Apc,28.373990401498304
9m_AD_R1,Apod,6.283155800070233
9m_AD_R1,Aqp4,11.795505091888096
9m_AD_R1,Arc,45.689219243825356
9m_AD_R1,Arhgap25,2.9758866908580126
9m_AD_R1,Arhgap6,9.344258457216435
9m_AD_R1,B2m,1.2861992274376683
9m_AD_R1,Bace1,2.324944398923095
9m_AD_R1,Bcl11b,5.251668032307152
9m_AD_R1,Bdnf,1.8569589137305396
9m_AD_R1,Bhlhe22,8.000117054898748
9m_AD_R1,Bsn,75.9105700573569
9m_AD_R1,C1qa,13.600140465878496
9m_AD_R1,C1qb,9.480978578953529
9m_AD_R1,C1qc,5.486363104295915
9m_AD_R1,C4a,1.693784384876507
9m_AD_R1,C4b,10.293807795856257
9m_AD_R1,Cabp7,15.65269811541613
9m_AD_R1,Cacna1a,24.960786608919584
9m_AD_R1,Cacna1i,9.175582348121269
9m_AD_R1,Cacna2d2,17.869249678099028
9m_AD_R1,Calb1,1.9054196418120097
9m_AD_R1,Calb2,6.084747746693199
9m_AD_R1,Camk2a,277.5138710055016
9m_AD_R1,Camk2b,83.35022825705256
9m_AD_R1,Camkk2,24.230481095633852
9m_AD_R1,Cbln1,7.209996488353037
9m_AD_R1,Cd63,2.2931054664637713
9m_AD_R1,Cdh13,10.306449724920988
9m_AD_R1,Cdh6,4.785906590190799
9m_AD_R1,Chd9,6.07245698232471
9m_AD_R1,Cldn5,13.243357134496078
9m_AD_R1,Cnp,72.65316633501112
9m_AD_R1,Cnr1,17.890319559873582
9m_AD_R1,Cntnap4,4.90495142221702
9m_AD_R1,Col19a1,2.530961020718717
9m_AD_R1,Col1a1,2.802411330914199
9m_AD_R1,Col6a1,5.489289476764602
9m_AD_R1,Cpeb1,8.467985485192555
9m_AD_R1,Cplx2,245.6068125951071
9m_AD_R1,Cplx3,0.7867259744820321
9m_AD_R1,Cpne4,11.737445862109329
9m_AD_R1,Cpne6,51.043310312536576
9m_AD_R1,Cryab,10.472433571344961
9m_AD_R1,Csf1r,8.60002341097975
9m_AD_R1,Csmd1,9.981739435795388
9m_AD_R1,Cspg4,7.8132974364977175
9m_AD_R1,Ctnna2,3.69694486714269
9m_AD_R1,Ctss,7.950251668032307
9m_AD_R1,Cux2,14.339927425962777
9m_AD_R1,Cx3cr1,9.324476179328105
9m_AD_R1,Cyfip1,1.0317218775605759
9m_AD_R1,Cyfip2,123.79960201334426
9m_AD_R1,Cyp1b1,2.756994030200164
9m_AD_R1,D10Wsu102e,7.077841507667096
9m_AD_R1,Dcn,2.1766358422099965
9m_AD_R1,Dcx,2.1083928362401965
9m_AD_R1,Ddn,187.63513988060402
9m_AD_R1,Deptor,3.1435093058644505
9m_AD_R1,Dgkz,75.75933512817511
9m_AD_R1,Dkk3,31.035818799016738
9m_AD_R1,Dlg1,5.510944633032892
9m_AD_R1,Dlg2,18.75055601076905
9m_AD_R1,Dlg3,15.225447734987709
9m_AD_R1,Dlg4,17.640641460845135
9m_AD_R1,Dlgap1,36.3552616176987
9m_AD_R1,Dlgap4,2.6260095985016974
9m_AD_R1,Dner,24.8258223106637
9m_AD_R1,Eno2,15.61933746927309
9m_AD_R1,Epb41l1,95.76191033594756
9m_AD_R1,Epha4,14.978227788832962
9m_AD_R1,Fezf2,5.756408755706427
9m_AD_R1,Fhod3,16.330563034062976
9m_AD_R1,Fibcd1,4.190214210464708
9m_AD_R1,Fign,2.391665691209177
9m_AD_R1,Fmod,2.2583401615357603
9m_AD_R1,Fn1,2.055484022006321
9m_AD_R1,Foxp2,0.4668149362050802
9m_AD_R1,Gabra2,7.4659955519138475
9m_AD_R1,Gabrb1,11.407702212337586
9m_AD_R1,Gad1,45.551094463303286
9m_AD_R1,Gad2,17.14163642748449
9m_AD_R1,Gap43,34.104412969682784
9m_AD_R1,Garnl3,8.406297553552616
9m_AD_R1,Gatm,19.93456631160014
9m_AD_R1,Gfap,93.56689687463421
9m_AD_R1,Gfra2,6.35292051972375
9m_AD_R1,Gja1,43.384759452183076
9m_AD_R1,Gjb2,4.658199695657263
9m_AD_R1,Gjb6,10.180849818564907
9m_AD_R1,Gjc3,7.540676577314761
9m_AD_R1,Gm2115,2.5306098560224743
9m_AD_R1,Gnai2,85.9317569940302
9m_AD_R1,Gng12,3.1668032307152054
9m_AD_R1,Gphn,14.879199344492568
9m_AD_R1,Gpr17,12.7270279761208
9m_AD_R1,Gria1,92.96476647547699
9m_AD_R1,Gria2,49.13028210230598
9m_AD_R1,Grid1,25.294393070349994
9m_AD_R1,Grik3,10.637832143275196
9m_AD_R1,Grik5,56.53821842444106
9m_AD_R1,Grin1,46.866908580124075
9m_AD_R1,Grin2b,46.53950602832729
9m_AD_R1,Grn,4.704319325763783
9m_AD_R1,Gsn,10.62074212805806
9m_AD_R1,Gucy1a2,1.0994966639353856
9m_AD_R1,Hexb,9.308088493503453
9m_AD_R1,Hfe,2.3362987241016038
9m_AD_R1,Hivep3,3.335947559405361
9m_AD_R1,Homer1,1.7702212337586327
9m_AD_R1,Homer2,8.466229661711342
9m_AD_R1,Hpcal1,5.2714503101954815
9m_AD_R1,Hpcal4,75.28854032541261
9m_AD_R1,Hs3st2,5.532482734402435
9m_AD_R1,Htr1f,1.2558820086620626
9m_AD_R1,Id2,4.864450427250381
9m_AD_R1,Ifitm3,4.097272620859183
9m_AD_R1,Igf2,6.143392250965703
9m_AD_R1,Igfbp6,3.2126887510242303
9m_AD_R1,Inpp4b,3.3427367435327167
9m_AD_R1,Itgam,3.1107339342151468
9m_AD_R1,Itgb4,1.5207772445276835
9m_AD_R1,Itpr1,68.99262554137891
9m_AD_R1,Kalrn,86.47734987709235
9m_AD_R1,Kcna2,19.20367552382067
9m_AD_R1,Kcnh5,4.163057473955285
9m_AD_R1,Kcnip4,3.8961723048109564
9m_AD_R1,Kif5a,255.84888212571695
9m_AD_R1,Kif5c,124.74634203441414
9m_AD_R1,Kmt2d,8.449022591595458
9m_AD_R1,Ksr2,18.596979983612314
9m_AD_R1,Lamp5,6.2508486480159196
9m_AD_R1,Laptm5,11.721175231183425
9m_AD_R1,Ly6a,2.9932108158726445
9m_AD_R1,Map1a,240.1440945803582
9m_AD_R1,Map2,11.545944047758399
9m_AD_R1,Mapk4,19.093760973896757
9m_AD_R1,Mapt,38.078543837059584
9m_AD_R1,Mef2c,4.8155214795739205
9m_AD_R1,Meis2,19.887159077607397
9m_AD_R1,Mog,11.55577665925319
9m_AD_R1,Mpo,3.1796792695774316
9m_AD_R1,Myl4,1.4652932225213626
9m_AD_R1,Nav1,30.081001989933277
9m_AD_R1,Ncam1,27.452651293456633
9m_AD_R1,Ndst3,2.087205899566897
9m_AD_R1,Ndst4,1.9528268758047524
9m_AD_R1,Necab1,2.232705138710055
9m_AD_R1,Necab2,6.729017909399508
9m_AD_R1,Nefh,35.14643567833314
9m_AD_R1,Nefl,116.22802294276015
9m_AD_R1,Nefm,53.046821959499006
9m_AD_R1,Nell1,8.881540442467518
9m_AD_R1,Neurod1,2.5683015334191737
9m_AD_R1,Neurod6,9.47290179093995
9m_AD_R1,Nfasc,24.826290530258692
9m_AD_R1,Nlgn1,6.798314409458036
9m_AD_R1,Nlgn2,34.265597565258105
9m_AD_R1,Nlgn3,20.05969799836123
9m_AD_R1,Nmral1,1.4238557883647431
9m_AD_R1,Npnt,2.995200749151352
9m_AD_R1,Npy2r,1.6714268992157322
9m_AD_R1,Nr2f2,2.406063443755121
9m_AD_R1,Nrep,3.234460962191268
9m_AD_R1,Nrg3,3.010300831089781
9m_AD_R1,Nrn1,3.0435444223340746
9m_AD_R1,Nrxn1,4.757462249795154
9m_AD_R1,Ntng1,1.1641109680440127
9m_AD_R1,Ntrk2,23.799836123141752
9m_AD_R1,Nts,0.6874634203441414
9m_AD_R1,Ntsr2,28.171134261968863
9m_AD_R1,Nwd2,1.7236333840571227
9m_AD_R1,Nxph3,6.733817160248156
9m_AD_R1,Olfr287,1.6914432869015568
9m_AD_R1,Olig1,14.924616645206601
9m_AD_R1,Olig2,6.046353739904015
9m_AD_R1,Opalin,6.567599204026688
9m_AD_R1,Orai2,19.5365796558586
9m_AD_R1,P2ry12,10.491981739435795
9m_AD_R1,Pacsin1,93.47430644972492
9m_AD_R1,Parm1,6.704436380662531
9m_AD_R1,Pclo,6.205080182605642
9m_AD_R1,Pde7b,1.2272035584689218
9m_AD_R1,Pdgfra,10.279175933512818
9m_AD_R1,Pdyn,6.390261032424207
9m_AD_R1,Pdzrn3,3.819618401030083
9m_AD_R1,Pecam1,7.795153927191853
9m_AD_R1,Penk,10.449607866089195
9m_AD_R1,Pfkm,79.68079129111554
9m_AD_R1,Plcxd2,22.345194896406415
9m_AD_R1,Plcxd3,6.20894299426431
9m_AD_R1,Plekhb1,60.713683717663585
9m_AD_R1,Pou3f1,5.198173943579539
9m_AD_R1,Ppp1r1b,17.021772211167036
9m_AD_R1,Ppp1r9b,172.34355612782394
9m_AD_R1,Prdm8,4.450661360177923
9m_AD_R1,Prdx6,11.342268523937728
9m_AD_R1,Prox1,2.444925670139295
9m_AD_R1,Prph,1.6583167505560108
9m_AD_R1,Psd,80.30246985836357
9m_AD_R1,Psen1,10.752194779351516
9m_AD_R1,Psen2,2.2983729369074095
9m_AD_R1,Ptprc,1.534355612782395
9m_AD_R1,Pum2,21.37656560927075
9m_AD_R1,Purg,4.2654805103593585
9m_AD_R1,Pvalb,3.4504272503804283
9m_AD_R1,Rasgrf2,17.835654922158493
9m_AD_R1,Rasl10a,1.367201217370947
9m_AD_R1,Rbfox3,25.616645206601895
9m_AD_R1,Reep3,3.154863631042959
9m_AD_R1,Rgs5,8.097623785555426
9m_AD_R1,Rims1,9.110148659721409
9m_AD_R1,Rims3,42.077139178274614
9m_AD_R1,Rmst,1.4379023762144445
9m_AD_R1,Rnf152,3.5145733348940653
9m_AD_R1,Rorb,7.90541964181201
9m_AD_R1,Rprm,6.91431581411682
9m_AD_R1,Rspo1,3.7895352920519723
9m_AD_R1,Rspo2,2.5942877209411215
9m_AD_R1,Rtn4,12.43766826641695
9m_AD_R1,S100a6,1.6754067657731475
9m_AD_R1,Satb2,12.61371883413321
9m_AD_R1,Scg3,10.185649069413556
9m_AD_R1,Shank1,189.13847594521832
9m_AD_R1,Shank3,41.34098092005151
9m_AD_R1,Shc3,54.51340278590659
9m_AD_R1,Shisa6,5.95200749151352
9m_AD_R1,Siglech,1.9069413554957275
9m_AD_R1,Sipa1l1,38.18494674002107
9m_AD_R1,Slc13a4,4.001755823481212
9m_AD_R1,Slc17a6,6.5073159311717195
9m_AD_R1,Slc17a7,118.11108509891139
9m_AD_R1,Slc17a8,2.3454290062039096
9m_AD_R1,Slc32a1,31.21222053142924
9m_AD_R1,Slc39a12,12.489172421865856
9m_AD_R1,Slit2,1.183190916539857
9m_AD_R1,Sorcs3,6.260564204611963
9m_AD_R1,Sorl1,26.85075500409692
9m_AD_R1,Sox10,16.361582582231065
9m_AD_R1,Spp1,2.817745522650123
9m_AD_R1,Sptbn2,118.92754301767529
9m_AD_R1,Stx1a,33.08744000936439
9m_AD_R1,Stxbp1,127.31136603066838
9m_AD_R1,Sv2a,2.4816809083460143
9m_AD_R1,Syn1,124.25201919700339
9m_AD_R1,Syn2,24.43954114479691
9m_AD_R1,Syndig1,2.8989816223808966
9m_AD_R1,Syngap1,9.129111553318506
9m_AD_R1,Syngr1,96.74423504623668
9m_AD_R1,Syp,154.04424675172655
9m_AD_R1,Syt1,44.062975535526164
9m_AD_R1,Syt11,32.854149596160596
9m_AD_R1,Syt17,13.322486246049397
9m_AD_R1,Syt2,10.932108158726443
9m_AD_R1,Syt3,14.35807093526864
9m_AD_R1,Syt4,14.676460259861875
9m_AD_R1,Syt6,5.031838932459324
9m_AD_R1,Tanc1,9.179445159779936
9m_AD_R1,Thsd7a,2.9275430176752897
9m_AD_R1,Tle4,7.0193140582933395
9m_AD_R1,Tmem119,3.637598033477701
9m_AD_R1,Tmem132d,13.075734519489641
9m_AD_R1,Tmem163,0.9936790354676344
9m_AD_R1,Tmem255a,2.3270513871005503
9m_AD_R1,Tnf,1.7395528502867845
9m_AD_R1,Tox,2.0896640524405945
9m_AD_R1,Trpc4,3.5057942174880017
9m_AD_R1,Tubb3,38.72375043895587
9m_AD_R1,Ube3a,2.336415779000351
9m_AD_R1,Vamp1,20.041203324359124
9m_AD_R1,Vamp2,90.18365913613485
9m_AD_R1,Vat1l,22.357485660774902
9m_AD_R1,Vcan,1.5892543602949782
9m_AD_R1,Vim,15.822778883296266
9m_AD_R1,Vwc2l,1.357602715673651
9m_AD_R1,Wfs1,14.756759920402668
9m_AD_R1,Zbtb20,16.433805454758282
9m_AD_R1,Zfpm2,10.584338054547583
9m_AD_R2,2010300C02Rik,63.76330827067669
9m_AD_R2,Abca7,8.0131328320802
9m_AD_R2,Acsbg1,48.76601503759399
9m_AD_R2,Adamtsl1,12.228972431077695
9m_AD_R2,Adcy1,88.68761904761905
9m_AD_R2,Adcy5,46.65624060150376
9m_AD_R2,Adgrl4,4.555989974937344
9m_AD_R2,Adora1,29.391478696741853
9m_AD_R2,Aif1,3.120802005012531
9m_AD_R2,Aldh1a2,3.1290225563909773
9m_AD_R2,Aldh1l1,24.556491228070175
9m_AD_R2,Ank3,43.247117794486215
9m_AD_R2,Apc,38.790075187969926
9m_AD_R2,Apod,13.26907268170426
9m_AD_R2,Aqp4,35.56802005012531
9m_AD_R2,Arc,21.9996992481203
9m_AD_R2,Arhgap25,3.908471177944862
9m_AD_R2,Arhgap6,9.890726817042607
9m_AD_R2,B2m,3.52531328320802
9m_AD_R2,Bace1,3.6098245614035087
9m_AD_R2,Bcl11b,7.479498746867168
9m_AD_R2,Bdnf,2.6270676691729324
9m_AD_R2,Bhlhe22,12.628571428571428
9m_AD_R2,Bsn,91.78245614035087
9m_AD_R2,C1qa,28.38375939849624
9m_AD_R2,C1qb,22.745664160401002
9m_AD_R2,C1qc,12.966115288220552
9m_AD_R2,C4a,1.5066666666666666
9m_AD_R2,C4b,29.655438596491226
9m_AD_R2,Cabp7,23.055338345864662
9m_AD_R2,Cacna1a,29.598395989974936
9m_AD_R2,Cacna1i,12.606416040100251
9m_AD_R2,Cacna2d2,26.3196992481203
9m_AD_R2,Calb1,2.5467669172932332
9m_AD_R2,Calb2,7.757894736842105
9m_AD_R2,Camk2a,463.8857142857143
9m_AD_R2,Camk2b,112.11418546365915
9m_AD_R2,Camkk2,30.520902255639097
9m_AD_R2,Cbln1,6.491929824561404
9m_AD_R2,Cd63,2.7433583959899748
9m_AD_R2,Cdh13,12.842406015037595
9m_AD_R2,Cdh6,6.090426065162907
9m_AD_R2,Chd9,8.526616541353384
9m_AD_R2,Cldn5,25.428370927318294
9m_AD_R2,Cnp,105.29333333333334
9m_AD_R2,Cnr1,21.71889724310777
9m_AD_R2,Cntnap4,6.050827067669173
9m_AD_R2,Col19a1,2.8500250626566417
9m_AD_R2,Col1a1,4.896240601503759
9m_AD_R2,Col6a1,6.737744360902256
9m_AD_R2,Cpeb1,11.847819548872181
9m_AD_R2,Cplx2,263.218947368421
9m_AD_R2,Cplx3,1.0632581453634085
9m_AD_R2,Cpne4,13.586065162907268
9m_AD_R2,Cpne6,50.75298245614035
9m_AD_R2,Cryab,16.593483709273183
9m_AD_R2,Csf1r,16.711077694235588
9m_AD_R2,Csmd1,14.183458646616542
9m_AD_R2,Cspg4,10.670576441102757
9m_AD_R2,Ctnna2,4.833684210526315
9m_AD_R2,Ctss,16.501854636591478
9m_AD_R2,Cux2,16.919298245614034
9m_AD_R2,Cx3cr1,18.050927318295738
9m_AD_R2,Cyfip1,1.3027568922305763
9m_AD_R2,Cyfip2,132.07248120300753
9m_AD_R2,Cyp1b1,3.5969924812030074
9m_AD_R2,D10Wsu102e,8.224561403508773
9m_AD_R2,Dcn,3.5410526315789475
9m_AD_R2,Dcx,3.136140350877193
9m_AD_R2,Ddn,246.80050125313284
9m_AD_R2,Deptor,3.2754887218045114
9m_AD_R2,Dgkz,86.42736842105263
9m_AD_R2,Dkk3,41.58355889724311
9m_AD_R2,Dlg1,10.55719298245614
9m_AD_R2,Dlg2,28.58997493734336
9m_AD_R2,Dlg3,18.818847117794487
9m_AD_R2,Dlg4,25.75829573934837
9m_AD_R2,Dlgap1,53.83659147869674
9m_AD_R2,Dlgap4,3.531528822055138
9m_AD_R2,Dner,36.58055137844612
9m_AD_R2,Eno2,26.583157894736843
9m_AD_R2,Epb41l1,140.54967418546366
9m_AD_R2,Epha4,22.171929824561403
9m_AD_R2,Fezf2,7.401203007518797
9m_AD_R2,Fhod3,17.609924812030076
9m_AD_R2,Fibcd1,6.4783959899749375
9m_AD_R2,Fign,3.1745363408521303
9m_AD_R2,Fmod,5.956290726817042
9m_AD_R2,Fn1,3.180250626566416
9m_AD_R2,Foxp2,0.8169423558897243
9m_AD_R2,Gabra2,6.111378446115288
9m_AD_R2,Gabrb1,17.881203007518796
9m_AD_R2,Gad1,71.97513784461152
9m_AD_R2,Gad2,26.284110275689223
9m_AD_R2,Gap43,30.014937343358397
9m_AD_R2,Garnl3,11.287418546365915
9m_AD_R2,Gatm,31.148471177944863
9m_AD_R2,Gfap,275.9877694235589
9m_AD_R2,Gfra2,7.366516290726817
9m_AD_R2,Gja1,66.0821052631579
9m_AD_R2,Gjb2,7.019749373433584
9m_AD_R2,Gjb6,14.703057644110276
9m_AD_R2,Gjc3,15.107869674185464
9m_AD_R2,Gm2115,3.800401002506266
9m_AD_R2,Gnai2,114.47869674185463
9m_AD_R2,Gng12,5.704360902255639
9m_AD_R2,Gphn,20.297243107769425
9m_AD_R2,Gpr17,23.66546365914787
9m_AD_R2,Gria1,109.20130325814536
9m_AD_R2,Gria2,69.78225563909774
9m_AD_R2,Grid1,28.09513784461153
9m_AD_R2,Grik3,14.60531328320802
9m_AD_R2,Grik5,64.2754887218045
9m_AD_R2,Grin1,64.83609022556391
9m_AD_R2,Grin2b,59.28741854636591
9m_AD_R2,Grn,11.433383458646617
9m_AD_R2,Gsn,21.169924812030075
9m_AD_R2,Gucy1a2,1.9035588972431077
9m_AD_R2,Hexb,24.700551378446114
9m_AD_R2,Hfe,3.891328320802005
9m_AD_R2,Hivep3,4.4343859649122805
9m_AD_R2,Homer1,2.0664661654135337
9m_AD_R2,Homer2,10.330526315789474
9m_AD_R2,Hpcal1,7.719298245614035
9m_AD_R2,Hpcal4,110.07177944862156
9m_AD_R2,Hs3st2,6.014135338345865
9m_AD_R2,Htr1f,2.0725814536340854
9m_AD_R2,Id2,9.929924812030075
9m_AD_R2,Ifitm3,3.7579949874686718
9m_AD_R2,Igf2,14.985664160401003
9m_AD_R2,Igfbp6,3.4261654135338344
9m_AD_R2,Inpp4b,5.003809523809524
9m_AD_R2,Itgam,4.1823558897243105
9m_AD_R2,Itgb4,2.432982456140351
9m_AD_R2,Itpr1,79.07568922305765
9m_AD_R2,Kalrn,84.07869674185464
9m_AD_R2,Kcna2,30.247719298245613
9m_AD_R2,Kcnh5,5.981954887218045
9m_AD_R2,Kcnip4,4.613533834586466
9m_AD_R2,Kif5a,305.8588471177945
9m_AD_R2,Kif5c,155.7421553884712
9m_AD_R2,Kmt2d,10.574636591478697
9m_AD_R2,Ksr2,20.670877192982456
9m_AD_R2,Lamp5,9.78907268170426
9m_AD_R2,Laptm5,18.721904761904764
9m_AD_R2,Ly6a,4.888922305764411
9m_AD_R2,Map1a,309.25082706766915
9m_AD_R2,Map2,19.167117794486217
9m_AD_R2,Mapk4,26.00531328320802
9m_AD_R2,Mapt,59.02335839598997
9m_AD_R2,Mef2c,6.515087719298245
9m_AD_R2,Meis2,21.236290726817042
9m_AD_R2,Mog,14.723107769423558
9m_AD_R2,Mpo,2.4617543859649125
9m_AD_R2,Myl4,1.210827067669173
9m_AD_R2,Nav1,36.32611528822055
9m_AD_R2,Ncam1,32.60050125313283
9m_AD_R2,Ndst3,2.725814536340852
9m_AD_R2,Ndst4,2.6373934837092734
9m_AD_R2,Necab1,3.3399498746867167
9m_AD_R2,Necab2,8.65874686716792
9m_AD_R2,Nefh,49.10556390977444
9m_AD_R2,Nefl,164.78696741854637
9m_AD_R2,Nefm,63.15248120300752
9m_AD_R2,Nell1,9.492932330827069
9m_AD_R2,Neurod1,3.423659147869674
9m_AD_R2,Neurod6,18.161804511278195
9m_AD_R2,Nfasc,38.76641604010025
9m_AD_R2,Nlgn1,11.21734335839599
9m_AD_R2,Nlgn2,51.035989974937344
9m_AD_R2,Nlgn3,24.34015037593985
9m_AD_R2,Nmral1,1.458045112781955
9m_AD_R2,Npnt,3.7948872180451128
9m_AD_R2,Npy2r,2.744761904761905
9m_AD_R2,Nr2f2,3.726817042606516
9m_AD_R2,Nrep,4.812832080200502
9m_AD_R2,Nrg3,3.267468671679198
9m_AD_R2,Nrn1,5.009924812030075
9m_AD_R2,Nrxn1,6.59047619047619
9m_AD_R2,Ntng1,1.2364912280701754
9m_AD_R2,Ntrk2,39.82325814536341
9m_AD_R2,Nts,0.9574937343358396
9m_AD_R2,Ntsr2,49.85624060150376
9m_AD_R2,Nwd2,1.7722305764411028
9m_AD_R2,Nxph3,8.391679197994987
9m_AD_R2,Olfr287,1.7209022556390978
9m_AD_R2,Olig1,34.59679197994988
9m_AD_R2,Olig2,9.566616541353383
9m_AD_R2,Opalin,11.984160401002507
9m_AD_R2,Orai2,20.11077694235589
9m_AD_R2,P2ry12,13.977243107769423
9m_AD_R2,Pacsin1,106.07779448621554
9m_AD_R2,Parm1,9.386065162907268
9m_AD_R2,Pclo,11.07689223057644
9m_AD_R2,Pde7b,1.411829573934837
9m_AD_R2,Pdgfra,13.406516290726817
9m_AD_R2,Pdyn,5.580751879699248
9m_AD_R2,Pdzrn3,5.848020050125314
9m_AD_R2,Pecam1,10.679899749373433
9m_AD_R2,Penk,14.62045112781955
9m_AD_R2,Pfkm,107.65383458646616
9m_AD_R2,Plcxd2,27.458145363408523
9m_AD_R2,Plcxd3,7.077794486215539
9m_AD_R2,Plekhb1,125.46165413533835
9m_AD_R2,Pou3f1,6.768220551378446
9m_AD_R2,Ppp1r1b,25.423659147869675
9m_AD_R2,Ppp1r9b,190.95899749373433
9m_AD_R2,Prdm8,6.452932330827068
9m_AD_R2,Prdx6,24.44872180451128
9m_AD_R2,Prox1,3.052531328320802
9m_AD_R2,Prph,2.336140350877193
9m_AD_R2,Psd,118.53142857142858
9m_AD_R2,Psen1,12.891127819548872
9m_AD_R2,Psen2,2.670576441102757
9m_AD_R2,Ptprc,2.439799498746867
9m_AD_R2,Pum2,29.988972431077695
9m_AD_R2,Purg,5.10406015037594
9m_AD_R2,Pvalb,5.923709273182958
9m_AD_R2,Rasgrf2,21.8793984962406
9m_AD_R2,Rasl10a,1.5154887218045112
9m_AD_R2,Rbfox3,33.66706766917293
9m_AD_R2,Reep3,5.747368421052632
9m_AD_R2,Rgs5,13.254436090225564
9m_AD_R2,Rims1,11.778045112781955
9m_AD_R2,Rims3,43.41984962406015
9m_AD_R2,Rmst,2.2839097744360903
9m_AD_R2,Rnf152,5.606616541353383
9m_AD_R2,Rorb,8.831979949874686
9m_AD_R2,Rprm,8.78065162907268
9m_AD_R2,Rspo1,4.094436090225564
9m_AD_R2,Rspo2,3.152581453634085
9m_AD_R2,Rtn4,21.277493734335838
9m_AD_R2,S100a6,2.2912280701754386
9m_AD_R2,Satb2,12.62125313283208
9m_AD_R2,Scg3,16.8793984962406
9m_AD_R2,Shank1,242.98907268170427
9m_AD_R2,Shank3,48.95759398496241
9m_AD_R2,Shc3,66.10516290726817
9m_AD_R2,Shisa6,7.974837092731829
9m_AD_R2,Siglech,2.8533333333333335
9m_AD_R2,Sipa1l1,50.269974937343356
9m_AD_R2,Slc13a4,8.730325814536341
9m_AD_R2,Slc17a6,9.332832080200502
9m_AD_R2,Slc17a7,146.276992481203
9m_AD_R2,Slc17a8,3.945764411027569
9m_AD_R2,Slc32a1,41.1203007518797
9m_AD_R2,Slc39a12,19.315588972431076
9m_AD_R2,Slit2,1.1033583959899749
9m_AD_R2,Sorcs3,9.069974937343359
9m_AD_R2,Sorl1,42.10385964912281
9m_AD_R2,Sox10,22.62887218045113
9m_AD_R2,Spp1,7.37483709273183
9m_AD_R2,Sptbn2,126.6384962406015
9m_AD_R2,Stx1a,36.93964912280702
9m_AD_R2,Stxbp1,184.831679197995
9m_AD_R2,Sv2a,3.1943859649122808
9m_AD_R2,Syn1,141.9417543859649
9m_AD_R2,Syn2,38.60942355889724
9m_AD_R2,Syndig1,3.566315789473684
9m_AD_R2,Syngap1,16.03047619047619
9m_AD_R2,Syngr1,104.37804511278196
9m_AD_R2,Syp,187.0274686716792
9m_AD_R2,Syt1,62.9316290726817
9m_AD_R2,Syt11,47.749273182957396
9m_AD_R2,Syt17,18.29764411027569
9m_AD_R2,Syt2,16.968521303258147
9m_AD_R2,Syt3,18.92671679197995
9m_AD_R2,Syt4,20.553483709273184
9m_AD_R2,Syt6,6.220150375939849
9m_AD_R2,Tanc1,13.087218045112781
9m_AD_R2,Thsd7a,4.249423558897243
9m_AD_R2,Tle4,10.949573934837092
9m_AD_R2,Tmem119,7.764511278195489
9m_AD_R2,Tmem132d,14.211528822055138
9m_AD_R2,Tmem163,1.4408020050125314
9m_AD_R2,Tmem255a,4.610225563909775
9m_AD_R2,Tnf,2.2550375939849623
9m_AD_R2,Tox,3.6491228070175437
9m_AD_R2,Trpc4,4.43609022556391
9m_AD_R2,Tubb3,50.22496240601504
9m_AD_R2,Ube3a,3.1779448621553885
9m_AD_R2,Vamp1,40.06395989974937
9m_AD_R2,Vamp2,111.24441102756892
9m_AD_R2,Vat1l,30.460350877192983
9m_AD_R2,Vcan,2.298947368421053
9m_AD_R2,Vim,33.521604010025065
9m_AD_R2,Vwc2l,1.568421052631579
9m_AD_R2,Wfs1,23.369122807017543
9m_AD_R2,Zbtb20,26.755989974937343
9m_AD_R2,Zfpm2,12.306165413533835
9m_WT_R1,2010300C02Rik,63.63612741795785
9m_WT_R1,Abca7,4.2167260128957755
9m_WT_R1,Acsbg1,24.800211721682224
9m_WT_R1,Adamtsl1,8.627081127899144
9m_WT_R1,Adcy1,92.35588490039457
9m_WT_R1,Adcy5,29.010682321239535
9m_WT_R1,Adgrl4,2.568857665287268
9m_WT_R1,Adora1,24.56183235492253
9m_WT_R1,Aif1,1.0735251660090463
9m_WT_R1,Aldh1a2,2.587046482532961
9m_WT_R1,Aldh1l1,14.528534308536234
9m_WT_R1,Ank3,30.182561832354924
9m_WT_R1,Apc,27.907708593975556
9m_WT_R1,Apod,6.864401886247714
9m_WT_R1,Aqp4,11.47954961023963
9m_WT_R1,Arc,31.356366086035994
9m_WT_R1,Arhgap25,2.15051486863632
9m_WT_R1,Arhgap6,9.731979597728804
9m_WT_R1,B2m,1.0655374843614667
9m_WT_R1,Bace1,2.900683283610817
9m_WT_R1,Bcl11b,6.2029641035511505
9m_WT_R1,Bdnf,1.760658261957463
9m_WT_R1,Bhlhe22,7.715619285920508
9m_WT_R1,Bsn,57.71946877105187
9m_WT_R1,C1qa,5.321432008468867
9m_WT_R1,C1qb,4.172841882398229
9m_WT_R1,C1qc,2.797324607833702
9m_WT_R1,C4a,1.7046482532961216
9m_WT_R1,C4b,3.692329900875758
9m_WT_R1,Cabp7,17.4143970743913
9m_WT_R1,Cacna1a,19.576171687036858
9m_WT_R1,Cacna1i,8.187758637282263
9m_WT_R1,Cacna2d2,12.759118467904917
9m_WT_R1,Calb1,2.2088345683764796
9m_WT_R1,Calb2,5.278991434895583
9m_WT_R1,Camk2a,298.2185545183332
9m_WT_R1,Camk2b,70.33798479453372
9m_WT_R1,Camkk2,24.92734096814551
9m_WT_R1,Cbln1,10.317486286209219
9m_WT_R1,Cd63,2.5682802425175635
9m_WT_R1,Cdh13,10.92897699932634
9m_WT_R1,Cdh6,4.016167837551728
9m_WT_R1,Chd9,5.791935328649793
9m_WT_R1,Cldn5,13.559618900971994
9m_WT_R1,Cnp,57.14541430083726
9m_WT_R1,Cnr1,16.009431238571842
9m_WT_R1,Cntnap4,4.647579636223655
9m_WT_R1,Col19a1,2.260321432008469
9m_WT_R1,Col1a1,3.046963718602637
9m_WT_R1,Col6a1,3.4933115195842555
9m_WT_R1,Cpeb1,8.402463670484073
9m_WT_R1,Cplx2,211.00288711384852
9m_WT_R1,Cplx3,0.7024347993455875
9m_WT_R1,Cpne4,9.711769800789144
9m_WT_R1,Cpne6,42.19872966990665
9m_WT_R1,Cryab,8.946203445289193
9m_WT_R1,Csf1r,5.664421133673371
9m_WT_R1,Csmd1,6.907708593975555
9m_WT_R1,Cspg4,6.361659128091618
9m_WT_R1,Ctnna2,4.119045327687422
9m_WT_R1,Ctss,4.48705610624579
9m_WT_R1,Cux2,13.011259744009239
9m_WT_R1,Cx3cr1,5.892310653450101
9m_WT_R1,Cyfip1,1.2252911173130594
9m_WT_R1,Cyfip2,116.26542199980753
9m_WT_R1,Cyp1b1,2.4396112020017324
9m_WT_R1,D10Wsu102e,6.643730151092291
9m_WT_R1,Dcn,3.0060629390818976
9m_WT_R1,Dcx,2.1573477047444904
9m_WT_R1,Ddn,184.3829275334424
9m_WT_R1,Deptor,4.1018188817245695
9m_WT_R1,Dgkz,64.53671446444038
9m_WT_R1,Dkk3,25.12722548359157
9m_WT_R1,Dlg1,5.315176595130401
9m_WT_R1,Dlg2,19.350014435569243
9m_WT_R1,Dlg3,15.103551150033683
9m_WT_R1,Dlg4,16.3405831969974
9m_WT_R1,Dlgap1,40.37426619189684
9m_WT_R1,Dlgap4,2.220864209411991
9m_WT_R1,Dner,19.381291502261572
9m_WT_R1,Eno2,15.052930420556251
9m_WT_R1,Epb41l1,72.01559041478203
9m_WT_R1,Epha4,14.957751900683284
9m_WT_R1,Fezf2,5.377345780001924
9m_WT_R1,Fhod3,12.096718313925512
9m_WT_R1,Fibcd1,4.317293811952651
9m_WT_R1,Fign,2.4722355884900393
9m_WT_R1,Fmod,3.2051775575016843
9m_WT_R1,Fn1,2.3058415936868446
9m_WT_R1,Foxp2,0.5047637378500626
9m_WT_R1,Gabra2,6.72861129823886
9m_WT_R1,Gabrb1,13.194110287749014
9m_WT_R1,Gad1,33.70897892406891
9m_WT_R1,Gad2,14.304205562506015
9m_WT_R1,Gap43,24.504186315080357
9m_WT_R1,Garnl3,8.400827639303243
9m_WT_R1,Gatm,21.496294870561062
9m_WT_R1,Gfap,37.461841978635356
9m_WT_R1,Gfra2,5.074391300163603
9m_WT_R1,Gja1,43.787797132133576
9m_WT_R1,Gjb2,5.475411413723415
9m_WT_R1,Gjb6,11.029833509768068
9m_WT_R1,Gjc3,7.8365893561736115
9m_WT_R1,Gm2115,3.5440284861899722
9m_WT_R1,Gnai2,78.39957655663555
9m_WT_R1,Gng12,3.9175247810605334
9m_WT_R1,Gphn,11.950245404677124
9m_WT_R1,Gpr17,10.190645751130786
9m_WT_R1,Gria1,84.7719180059667
9m_WT_R1,Gria2,41.28515061110576
9m_WT_R1,Grid1,19.902896737561353
9m_WT_R1,Grik3,8.139640073140217
9m_WT_R1,Grik5,44.457511307862575
9m_WT_R1,Grin1,34.249831585025504
9m_WT_R1,Grin2b,52.77153305745357
9m_WT_R1,Grn,2.8978924068905783
9m_WT_R1,Gsn,8.969396593205659
9m_WT_R1,Gucy1a2,1.0337792320277164
9m_WT_R1,Hexb,6.677509383120007
9m_WT_R1,Hfe,2.7766336252526225
9m_WT_R1,Hivep3,3.1701472428062747
9m_WT_R1,Homer1,1.9555384467327495
9m_WT_R1,Homer2,10.706861707246656
9m_WT_R1,Hpcal1,4.674718506399769
9m_WT_R1,Hpcal4,79.932249061688
9m_WT_R1,Hs3st2,5.307092676354538
9m_WT_R1,Htr1f,1.19026080261765
9m_WT_R1,Id2,6.050235780964296
9m_WT_R1,Ifitm3,3.9970166490231933
9m_WT_R1,Igf2,15.096525839668944
9m_WT_R1,Igfbp6,2.715619285920508
9m_WT_R1,Inpp4b,3.4354730054855165
9m_WT_R1,Itgam,2.6698104128572804
9m_WT_R1,Itgb4,1.3770570686170724
9m_WT_R1,Itpr1,58.090174189202195
9m_WT_R1,Kalrn,67.24232508901935
9m_WT_R1,Kcna2,17.626888653642574
9m_WT_R1,Kcnh5,2.8875950341641805
9m_WT_R1,Kcnip4,4.224809931671639
9m_WT_R1,Kif5a,265.9130978731595
9m_WT_R1,Kif5c,110.6067750938312
9m_WT_R1,Kmt2d,7.236743335578867
9m_WT_R1,Ksr2,13.941487826003272
9m_WT_R1,Lamp5,4.542777403522279
9m_WT_R1,Laptm5,7.7416995476854975
9m_WT_R1,Ly6a,3.0946973342315465
9m_WT_R1,Map1a,191.4906168799923
9m_WT_R1,Map2,24.534404773361562
9m_WT_R1,Mapk4,18.292272158598788
9m_WT_R1,Mapt,40.133769608314886
9m_WT_R1,Mef2c,5.711769800789145
9m_WT_R1,Meis2,14.563275911846791
9m_WT_R1,Mog,11.592820710230006
9m_WT_R1,Mpo,2.6830911365604853
9m_WT_R1,Myl4,1.4440381099028006
9m_WT_R1,Nav1,22.939659320565873
9m_WT_R1,Ncam1,23.39909537099413
9m_WT_R1,Ndst3,1.9325377730728515
9m_WT_R1,Ndst4,2.0673659897988643
9m_WT_R1,Necab1,3.3403907227408336
9m_WT_R1,Necab2,8.216918487152343
9m_WT_R1,Nefh,31.77894331633144
9m_WT_R1,Nefl,91.3357713405832
9m_WT_R1,Nefm,44.29448561254932
9m_WT_R1,Nell1,8.810990280050044
9m_WT_R1,Neurod1,2.160138581464729
9m_WT_R1,Neurod6,10.165431623520353
9m_WT_R1,Nfasc,23.06043691656241
9m_WT_R1,Nlgn1,7.04985083245116
9m_WT_R1,Nlgn2,28.81955538446733
9m_WT_R1,Nlgn3,21.748628620921952
9m_WT_R1,Nmral1,1.2147050332018092
9m_WT_R1,Npnt,2.75728996246752
9m_WT_R1,Npy2r,1.753151765951304
9m_WT_R1,Nr2f2,2.700125108266769
9m_WT_R1,Nrep,3.9431238571841014
9m_WT_R1,Nrg3,3.2766817438167646
9m_WT_R1,Nrn1,4.664517370801655
9m_WT_R1,Nrxn1,4.608507362140314
9m_WT_R1,Ntng1,1.301318448657492
9m_WT_R1,Ntrk2,28.85699162736984
9m_WT_R1,Nts,0.7517082090270426
9m_WT_R1,Ntsr2,26.55480704455779
9m_WT_R1,Nwd2,1.6332403041093253
9m_WT_R1,Nxph3,5.73448176306419
9m_WT_R1,Olfr287,1.9724761813107496
9m_WT_R1,Olig1,15.653738812433836
9m_WT_R1,Olig2,6.001539794052546
9m_WT_R1,Opalin,6.185737657588297
9m_WT_R1,Orai2,18.47079203156578
9m_WT_R1,P2ry12,9.625156385333462
9m_WT_R1,Pacsin1,79.15638533346164
9m_WT_R1,Parm1,5.610817053219132
9m_WT_R1,Pclo,8.405062072947743
9m_WT_R1,Pde7b,1.3048792224040036
9m_WT_R1,Pdgfra,9.96073525166009
9m_WT_R1,Pdyn,5.599653546338177
9m_WT_R1,Pdzrn3,3.335001443556924
9m_WT_R1,Pecam1,7.904629005870465
9m_WT_R1,Penk,6.385814647290925
9m_WT_R1,Pfkm,69.23549225291117
9m_WT_R1,Plcxd2,18.14416321816957
9m_WT_R1,Plcxd3,5.579636223655086
9m_WT_R1,Plekhb1,58.069483206621115
9m_WT_R1,Pou3f1,5.339139640073141
9m_WT_R1,Ppp1r1b,15.39110768934655
9m_WT_R1,Ppp1r9b,167.2245212202868
9m_WT_R1,Prdm8,3.7285150611105764
9m_WT_R1,Prdx6,8.521124049658358
9m_WT_R1,Prox1,3.5276681743816765
9m_WT_R1,Prph,1.1792897699932634
9m_WT_R1,Psd,75.23799441824656
9m_WT_R1,Psen1,8.906457511307863
9m_WT_R1,Psen2,2.3907227408334135
9m_WT_R1,Ptprc,1.5140025021653354
9m_WT_R1,Pum2,23.816668270618806
9m_WT_R1,Purg,4.415744394187278
9m_WT_R1,Pvalb,3.145414300837263
9m_WT_R1,Rasgrf2,18.38446732749495
9m_WT_R1,Rasl10a,1.3475122702338562
9m_WT_R1,Rbfox3,23.011452218265806
9m_WT_R1,Reep3,3.9461072081609085
9m_WT_R1,Rgs5,8.724954287364065
9m_WT_R1,Rims1,10.039168511211626
9m_WT_R1,Rims3,43.782792801462804
9m_WT_R1,Rmst,1.3413530940236744
9m_WT_R1,Rnf152,3.520739101145222
9m_WT_R1,Rorb,9.76036955057261
9m_WT_R1,Rprm,5.16533538639207
9m_WT_R1,Rspo1,3.7648926956019633
9m_WT_R1,Rspo2,2.330767009912424
9m_WT_R1,Rtn4,17.021749590992204
9m_WT_R1,S100a6,1.4855163121932442
9m_WT_R1,Satb2,10.838802810124147
9m_WT_R1,Scg3,11.031084592435763
9m_WT_R1,Shank1,191.10566836685592
9m_WT_R1,Shank3,40.94052545472043
9m_WT_R1,Shc3,59.62121066307381
9m_WT_R1,Shisa6,7.7271677413146
9m_WT_R1,Siglech,1.7135983062265423
9m_WT_R1,Sipa1l1,34.19305167933789
9m_WT_R1,Slc13a4,7.354633817726879
9m_WT_R1,Slc17a6,8.361370416706766
9m_WT_R1,Slc17a7,109.838417861611
9m_WT_R1,Slc17a8,2.5024540467712444
9m_WT_R1,Slc32a1,20.79655471080743
9m_WT_R1,Slc39a12,14.282648445770379
9m_WT_R1,Slit2,1.17592147050332
9m_WT_R1,Sorcs3,4.9394668463093065
9m_WT_R1,Sorl1,21.64421133673371
9m_WT_R1,Sox10,11.738619959580406
9m_WT_R1,Spp1,2.560003849485131
9m_WT_R1,Sptbn2,93.72168222500241
9m_WT_R1,Stx1a,24.867192762967953
9m_WT_R1,Stxbp1,108.02069098258109
9m_WT_R1,Sv2a,2.3873544413434704
9m_WT_R1,Syn1,102.67144644403811
9m_WT_R1,Syn2,28.05475892599365
9m_WT_R1,Syndig1,3.0779520739101147
9m_WT_R1,Syngap1,9.899143489558272
9m_WT_R1,Syngr1,91.32046963718602
9m_WT_R1,Syp,157.7157155230488
9m_WT_R1,Syt1,42.89798864401886
9m_WT_R1,Syt11,26.360889231065347
9m_WT_R1,Syt17,12.315657780771822
9m_WT_R1,Syt2,9.139736310268502
9m_WT_R1,Syt3,11.028293715715524
9m_WT_R1,Syt4,12.813396208257146
9m_WT_R1,Syt6,4.018766240015398
9m_WT_R1,Tanc1,10.983158502550284
9m_WT_R1,Thsd7a,3.936579732460783
9m_WT_R1,Tle4,6.2745645269945145
9m_WT_R1,Tmem119,2.766624963911077
9m_WT_R1,Tmem132d,10.185063997690309
9m_WT_R1,Tmem163,0.9744009238764315
9m_WT_R1,Tmem255a,3.2316427677798094
9m_WT_R1,Tnf,1.73024732941969
9m_WT_R1,Tox,2.0319507265903187
9m_WT_R1,Trpc4,3.2725435473005486
9m_WT_R1,Tubb3,37.1815032239438
9m_WT_R1,Ube3a,2.584736791454143
9m_WT_R1,Vamp1,18.294293138292755
9m_WT_R1,Vamp2,119.93600230969108
9m_WT_R1,Vat1l,21.096718313925514
9m_WT_R1,Vcan,1.3863920700606294
9m_WT_R1,Vim,10.625637570974883
9m_WT_R1,Vwc2l,1.456067750938312
9m_WT_R1,Wfs1,8.980848811471466
9m_WT_R1,Zbtb20,16.10797805793475
9m_WT_R1,Zfpm2,7.891155807910692
9m_WT_R2,2010300C02Rik,55.19265350877193
9m_WT_R2,Abca7,6.9243421052631575
9m_WT_R2,Acsbg1,43.55997807017544
9m_WT_R2,Adamtsl1,5.846929824561403
9m_WT_R2,Adcy1,100.30690789473684
9m_WT_R2,Adcy5,30.6015350877193
9m_WT_R2,Adgrl4,4.950219298245614
9m_WT_R2,Adora1,27.17390350877193
9m_WT_R2,Aif1,1.8347587719298246
9m_WT_R2,Aldh1a2,3.0109649122807016
9m_WT_R2,Aldh1l1,21.706359649122806
9m_WT_R2,Ank3,39.214254385964914
9m_WT_R2,Apc,39.45263157894737
9m_WT_R2,Apod,11.010307017543859
9m_WT_R2,Aqp4,28.383552631578947
9m_WT_R2,Arc,63.289912280701756
9m_WT_R2,Arhgap25,2.7679824561403508
9m_WT_R2,Arhgap6,5.633881578947369
9m_WT_R2,B2m,2.317105263157895
9m_WT_R2,Bace1,3.6326754385964914
9m_WT_R2,Bcl11b,7.742105263157895
9m_WT_R2,Bdnf,3.5086622807017545
9m_WT_R2,Bhlhe22,12.826206140350877
9m_WT_R2,Bsn,90.07631578947368
9m_WT_R2,C1qa,6.241885964912281
9m_WT_R2,C1qb,5.977631578947369
9m_WT_R2,C1qc,3.511622807017544
9m_WT_R2,C4a,1.2651315789473685
9m_WT_R2,C4b,6.327302631578948
9m_WT_R2,Cabp7,30.358991228070174
9m_WT_R2,Cacna1a,24.46469298245614
9m_WT_R2,Cacna1i,15.6125
9m_WT_R2,Cacna2d2,21.30032894736842
9m_WT_R2,Calb1,2.247697368421053
9m_WT_R2,Calb2,4.816337719298246
9m_WT_R2,Camk2a,460.91271929824563
9m_WT_R2,Camk2b,91.5516447368421
9m_WT_R2,Camkk2,26.751644736842106
9m_WT_R2,Cbln1,4.7214912280701755
9m_WT_R2,Cd63,2.011951754385965
9m_WT_R2,Cdh13,9.107456140350877
9m_WT_R2,Cdh6,4.889912280701754
9m_WT_R2,Chd9,7.406030701754386
9m_WT_R2,Cldn5,20.519736842105264
9m_WT_R2,Cnp,75.82258771929824
9m_WT_R2,Cnr1,18.96129385964912
9m_WT_R2,Cntnap4,5.811951754385965
9m_WT_R2,Col19a1,2.833114035087719
9m_WT_R2,Col1a1,2.923026315789474
9m_WT_R2,Col6a1,8.532894736842104
9m_WT_R2,Cpeb1,9.42642543859649
9m_WT_R2,Cplx2,250.05197368421054
9m_WT_R2,Cplx3,0.8274122807017544
9m_WT_R2,Cpne4,10.097697368421052
9m_WT_R2,Cpne6,48.53157894736842
9m_WT_R2,Cryab,13.728399122807017
9m_WT_R2,Csf1r,9.348026315789474
9m_WT_R2,Csmd1,13.82467105263158
9m_WT_R2,Cspg4,7.831140350877193
9m_WT_R2,Ctnna2,5.044956140350878
9m_WT_R2,Ctss,4.9982456140350875
9m_WT_R2,Cux2,12.701315789473684
9m_WT_R2,Cx3cr1,7.34155701754386
9m_WT_R2,Cyfip1,0.9751096491228071
9m_WT_R2,Cyfip2,134.890899122807
9m_WT_R2,Cyp1b1,3.1780701754385965
9m_WT_R2,D10Wsu102e,7.933004385964912
9m_WT_R2,Dcn,3.7739035087719297
9m_WT_R2,Dcx,2.2161184210526317
9m_WT_R2,Ddn,254.69923245614035
9m_WT_R2,Deptor,2.6336622807017545
9m_WT_R2,Dgkz,80.63092105263158
9m_WT_R2,Dkk3,43.47192982456141
9m_WT_R2,Dlg1,9.534429824561403
9m_WT_R2,Dlg2,32.291228070175436
9m_WT_R2,Dlg3,16.94002192982456
9m_WT_R2,Dlg4,21.31436403508772
9m_WT_R2,Dlgap1,63.835855263157896
9m_WT_R2,Dlgap4,3.0148026315789473
9m_WT_R2,Dner,23.155592105263157
9m_WT_R2,Eno2,21.511951754385965
9m_WT_R2,Epb41l1,124.58728070175438
9m_WT_R2,Epha4,21.484100877192983
9m_WT_R2,Fezf2,7.650657894736842
9m_WT_R2,Fhod3,14.728947368421053
9m_WT_R2,Fibcd1,7.455701754385965
9m_WT_R2,Fign,2.1635964912280703
9m_WT_R2,Fmod,5.12203947368421
9m_WT_R2,Fn1,1.8555921052631579
9m_WT_R2,Foxp2,0.6894736842105263
9m_WT_R2,Gabra2,4.289583333333334
9m_WT_R2,Gabrb1,16.395723684210527
9m_WT_R2,Gad1,58.73366228070176
9m_WT_R2,Gad2,18.65844298245614
9m_WT_R2,Gap43,19.766776315789475
9m_WT_R2,Garnl3,10.97357456140351
9m_WT_R2,Gatm,31.076535087719297
9m_WT_R2,Gfap,62.197916666666664
9m_WT_R2,Gfra2,5.3946271929824565
9m_WT_R2,Gja1,69.38848684210527
9m_WT_R2,Gjb2,5.649232456140351
9m_WT_R2,Gjb6,18.250986842105263
9m_WT_R2,Gjc3,13.742982456140352
9m_WT_R2,Gm2115,6.380153508771929
9m_WT_R2,Gnai2,79.82171052631578
9m_WT_R2,Gng12,6.609539473684211
9m_WT_R2,Gphn,18.964144736842105
9m_WT_R2,Gpr17,20.50997807017544
9m_WT_R2,Gria1,103.44309210526316
9m_WT_R2,Gria2,71.97401315789473
9m_WT_R2,Grid1,20.91875
9m_WT_R2,Grik3,14.329495614035087
9m_WT_R2,Grik5,53.66019736842105
9m_WT_R2,Grin1,50.42247807017544
9m_WT_R2,Grin2b,54.94627192982456
9m_WT_R2,Grn,5.15438596491228
9m_WT_R2,Gsn,14.332236842105264
9m_WT_R2,Gucy1a2,1.2463815789473685
9m_WT_R2,Hexb,8.84967105263158
9m_WT_R2,Hfe,2.427412280701754
9m_WT_R2,Hivep3,4.237719298245614
9m_WT_R2,Homer1,2.401644736842105
9m_WT_R2,Homer2,14.811074561403508
9m_WT_R2,Hpcal1,4.715350877192982
9m_WT_R2,Hpcal4,132.69111842105264
9m_WT_R2,Hs3st2,6.2195175438596495
9m_WT_R2,Htr1f,1.6435307017543859
9m_WT_R2,Id2,9.87390350877193
9m_WT_R2,Ifitm3,3.129934210526316
9m_WT_R2,Igf2,8.764802631578947
9m_WT_R2,Igfbp6,2.9513157894736843
9m_WT_R2,Inpp4b,3.6664473684210526
9m_WT_R2,Itgam,2.410416666666667
9m_WT_R2,Itgb4,1.6428728070175438
9m_WT_R2,Itpr1,69.44879385964913
9m_WT_R2,Kalrn,82.05986842105263
9m_WT_R2,Kcna2,23.54671052631579
9m_WT_R2,Kcnh5,3.6485745614035086
9m_WT_R2,Kcnip4,3.060416666666667
9m_WT_R2,Kif5a,370.2029605263158
9m_WT_R2,Kif5c,153.34342105263158
9m_WT_R2,Kmt2d,9.23826754385965
9m_WT_R2,Ksr2,16.287719298245612
9m_WT_R2,Lamp5,9.26469298245614
9m_WT_R2,Laptm5,5.838157894736842
9m_WT_R2,Ly6a,5.396929824561403
9m_WT_R2,Map1a,279.6791666666667
9m_WT_R2,Map2,33.490899122807015
9m_WT_R2,Mapk4,24.56907894736842
9m_WT_R2,Mapt,52.817434210526315
9m_WT_R2,Mef2c,6.906030701754386
9m_WT_R2,Meis2,14.121162280701755
9m_WT_R2,Mog,10.15844298245614
9m_WT_R2,Mpo,2.089364035087719
9m_WT_R2,Myl4,0.9052631578947369
9m_WT_R2,Nav1,28.46655701754386
9m_WT_R2,Ncam1,25.684320175438597
9m_WT_R2,Ndst3,2.0529605263157893
9m_WT_R2,Ndst4,1.9153508771929824
9m_WT_R2,Necab1,3.3237938596491228
9m_WT_R2,Necab2,7.80109649122807
9m_WT_R2,Nefh,36.103289473684214
9m_WT_R2,Nefl,137.15877192982455
9m_WT_R2,Nefm,50.18793859649123
9m_WT_R2,Nell1,8.628179824561403
9m_WT_R2,Neurod1,3.661732456140351
9m_WT_R2,Neurod6,19.018092105263158
9m_WT_R2,Nfasc,32.81962719298246
9m_WT_R2,Nlgn1,10.300657894736842
9m_WT_R2,Nlgn2,42.55811403508772
9m_WT_R2,Nlgn3,19.170285087719297
9m_WT_R2,Nmral1,0.8098684210526316
9m_WT_R2,Npnt,3.219736842105263
9m_WT_R2,Npy2r,2.1778508771929825
9m_WT_R2,Nr2f2,3.158004385964912
9m_WT_R2,Nrep,5.203508771929824
9m_WT_R2,Nrg3,3.1410087719298247
9m_WT_R2,Nrn1,6.703508771929824
9m_WT_R2,Nrxn1,5.161732456140351
9m_WT_R2,Ntng1,0.8184210526315789
9m_WT_R2,Ntrk2,34.71184210526316
9m_WT_R2,Nts,0.6769736842105263
9m_WT_R2,Ntsr2,39.6390350877193
9m_WT_R2,Nwd2,1.225438596491228
9m_WT_R2,Nxph3,7.104605263157895
9m_WT_R2,Olfr287,1.487061403508772
9m_WT_R2,Olig1,29.09046052631579
9m_WT_R2,Olig2,8.038706140350877
9m_WT_R2,Opalin,6.539364035087719
9m_WT_R2,Orai2,16.203728070175437
9m_WT_R2,P2ry12,8.80186403508772
9m_WT_R2,Pacsin1,86.3985745614035
9m_WT_R2,Parm1,8.780811403508771
9m_WT_R2,Pclo,14.180701754385964
9m_WT_R2,Pde7b,1.1275219298245613
9m_WT_R2,Pdgfra,10.232675438596491
9m_WT_R2,Pdyn,2.488377192982456
9m_WT_R2,Pdzrn3,4.624890350877193
9m_WT_R2,Pecam1,10.071929824561403
9m_WT_R2,Penk,7.818640350877193
9m_WT_R2,Pfkm,92.88651315789474
9m_WT_R2,Plcxd2,22.57642543859649
9m_WT_R2,Plcxd3,4.370175438596491
9m_WT_R2,Plekhb1,112.2530701754386
9m_WT_R2,Pou3f1,5.593421052631579
9m_WT_R2,Ppp1r1b,14.929385964912282
9m_WT_R2,Ppp1r9b,172.81491228070175
9m_WT_R2,Prdm8,5.575986842105263
9m_WT_R2,Prdx6,15.889912280701754
9m_WT_R2,Prox1,2.84265350877193
9m_WT_R2,Prph,1.4550438596491229
9m_WT_R2,Psd,116.24188596491229
9m_WT_R2,Psen1,11.51107456140351
9m_WT_R2,Psen2,1.9493421052631579
9m_WT_R2,Ptprc,1.6565789473684212
9m_WT_R2,Pum2,32.90186403508772
9m_WT_R2,Purg,3.720285087719298
9m_WT_R2,Pvalb,4.6108552631578945
9m_WT_R2,Rasgrf2,18.75690789473684
9m_WT_R2,Rasl10a,1.4616228070175439
9m_WT_R2,Rbfox3,30.505811403508773
9m_WT_R2,Reep3,4.8891447368421055
9m_WT_R2,Rgs5,15.730153508771929
9m_WT_R2,Rims1,10.966337719298245
9m_WT_R2,Rims3,35.37565789473684
9m_WT_R2,Rmst,1.5569078947368422
9m_WT_R2,Rnf152,3.529934210526316
9m_WT_R2,Rorb,9.04188596491228
9m_WT_R2,Rprm,7.347916666666666
9m_WT_R2,Rspo1,3.2349780701754387
9m_WT_R2,Rspo2,2.316885964912281
9m_WT_R2,Rtn4,22.313157894736843
9m_WT_R2,S100a6,1.037390350877193
9m_WT_R2,Satb2,11.43969298245614
9m_WT_R2,Scg3,16.854824561403507
9m_WT_R2,Shank1,215.33245614035087
9m_WT_R2,Shank3,43.95811403508772
9m_WT_R2,Shc3,66.1047149122807
9m_WT_R2,Shisa6,10.672478070175439
9m_WT_R2,Siglech,1.8605263157894736
9m_WT_R2,Sipa1l1,51.92927631578947
9m_WT_R2,Slc13a4,4.541228070175438
9m_WT_R2,Slc17a6,6.7517543859649125
9m_WT_R2,Slc17a7,154.26293859649124
9m_WT_R2,Slc17a8,3.7007675438596492
9m_WT_R2,Slc32a1,27.69561403508772
9m_WT_R2,Slc39a12,15.290241228070176
9m_WT_R2,Slit2,0.6148026315789473
9m_WT_R2,Sorcs3,6.404166666666667
9m_WT_R2,Sorl1,37.28508771929825
9m_WT_R2,Sox10,15.46392543859649
9m_WT_R2,Spp1,2.9112938596491227
9m_WT_R2,Sptbn2,131.96600877192984
9m_WT_R2,Stx1a,33.086951754385964
9m_WT_R2,Stxbp1,171.39473684210526
9m_WT_R2,Sv2a,2.2676535087719296
9m_WT_R2,Syn1,107.48728070175439
9m_WT_R2,Syn2,44.289144736842104
9m_WT_R2,Syndig1,3.0353070175438597
9m_WT_R2,Syngap1,14.342324561403508
9m_WT_R2,Syngr1,91.31809210526316
9m_WT_R2,Syp,153.03212719298244
9m_WT_R2,Syt1,66.95241228070175
9m_WT_R2,Syt11,28.53201754385965
9m_WT_R2,Syt17,17.896820175438595
9m_WT_R2,Syt2,13.194956140350877
9m_WT_R2,Syt3,12.076206140350877
9m_WT_R2,Syt4,18.345065789473683
9m_WT_R2,Syt6,4.427412280701755
9m_WT_R2,Tanc1,15.853837719298246
9m_WT_R2,Thsd7a,3.0341008771929823
9m_WT_R2,Tle4,10.112390350877194
9m_WT_R2,Tmem119,4.833333333333333
9m_WT_R2,Tmem132d,11.94967105263158
9m_WT_R2,Tmem163,1.263157894736842
9m_WT_R2,Tmem255a,4.5180921052631575
9m_WT_R2,Tnf,1.8765350877192983
9m_WT_R2,Tox,2.817105263157895
9m_WT_R2,Trpc4,5.170833333333333
9m_WT_R2,Tubb3,40.00592105263158
9m_WT_R2,Ube3a,1.8192982456140352
9m_WT_R2,Vamp1,36.5296052631579
9m_WT_R2,Vamp2,141.61008771929824
9m_WT_R2,Vat1l,17.747258771929825
9m_WT_R2,Vcan,2.0953947368421053
9m_WT_R2,Vim,17.453179824561403
9m_WT_R2,Vwc2l,1.3805921052631578
9m_WT_R2,Wfs1,10.840350877192982
9m_WT_R2,Zbtb20,26.72565789473684
9m_WT_R2,Zfpm2,9.333991228070175
